Toy Story 	1995	animation,children,comedy
GoldenEye 	1995	action,adventure,thriller
Four Rooms 	1995	thriller
Get Shorty 	1995	action,comedy,drama
Copycat 	1995	crime,drama,thriller
Shanghai Triad 	1995	drama
Twelve Monkeys 	1995	drama,sci_fi
Babe 	1995	children,comedy,drama
Dead Man Walking 	1995	drama
Richard III 	1996	drama,war
Seven 	1995	crime,thriller
Usual Suspects, The 	1995	crime,thriller
Mighty Aphrodite 	1995	comedy
Postino, Il 	1994	drama,romance
Mr. Holland's Opus 	1996	drama
French Twist 	1995	comedy,romance
From Dusk Till Dawn 	1996	action,comedy,crime,horror,thriller
White Balloon, The 	1995	drama
Antonia's Line 	1995	drama
Angels and Insects 	1995	drama,romance
Muppet Treasure Island 	1996	action,adventure,comedy,musical,thriller
Braveheart 	1996	action,drama,war
Taxi Driver 	1996	drama,thriller
Rumble in the Bronx 	1996	action,adventure,crime
Birdcage, The 	1996	comedy
Brothers McMullen, The 	1995	comedy
Bad Boys 	1995	action
Apollo 13 	1995	action,drama,thriller
Batman Forever 	1995	action,adventure,comedy,crime
Belle de jour 	1967	drama
Crimson Tide 	1995	drama,thriller,war
Crumb 	1994	documentary
Desperado 	1995	action,romance,thriller
Doom Generation, The 	1995	comedy,drama
Free Willy 2: The Adventure Home 	1995	adventure,children,drama
Mad Love 	1995	drama,romance
Nadja 	1994	drama
Net, The 	1995	sci_fi,thriller
Strange Days 	1995	action,crime,sci_fi
To Wong Foo, Thanks for Everything! Julie Newmar 	1995	comedy
Billy Madison 	1995	comedy
Clerks 	1994	comedy
Disclosure 	1994	drama,thriller
Dolores Claiborne 	1994	drama,thriller
Eat Drink Man Woman 	1994	comedy,drama
Exotica 	1994	drama
Ed Wood 	1994	comedy,drama
Hoop Dreams 	1994	documentary
I.Q. 	1994	comedy,romance
Star Wars 	1977	action,adventure,romance,sci_fi,war
Legends of the Fall 	1994	drama,romance,war,western
Madness of King George, The 	1994	drama
Natural Born Killers 	1994	action,thriller
Outbreak 	1995	action,drama,thriller
Professional, The 	1994	crime,drama,romance,thriller
Pulp Fiction 	1994	crime,drama
Priest 	1994	drama
Quiz Show 	1994	drama
Three Colors: Red 	1994	drama
Three Colors: Blue 	1993	drama
Three Colors: White 	1994	drama
Stargate 	1994	action,adventure,sci_fi
Santa Clause, The 	1994	children,comedy
Shawshank Redemption, The 	1994	drama
What's Eating Gilbert Grape 	1993	comedy,drama
While You Were Sleeping 	1995	comedy,romance
Ace Ventura: Pet Detective 	1994	comedy
Crow, The 	1994	action,romance,thriller
Forrest Gump 	1994	comedy,romance,war
Four Weddings and a Funeral 	1994	comedy,romance
Lion King, The 	1994	animation,children,musical
Mask, The 	1994	comedy,crime,fantasy
Maverick 	1994	action,comedy,western
Faster Pussycat! Kill! Kill! 	1965	action,comedy,drama
Brother Minister: The Assassination of Malcolm X 	1994	documentary
Carlito's Way 	1993	crime,drama
Firm, The 	1993	drama,thriller
Free Willy 	1993	adventure,children,drama
Fugitive, The 	1993	action,thriller
Hot Shots! Part Deux 	1993	action,comedy,war
Hudsucker Proxy, The 	1994	comedy,romance
Jurassic Park 	1993	action,adventure,sci_fi
Much Ado About Nothing 	1993	comedy,romance
Robert A. Heinlein's The Puppet Masters 	1994	horror,sci_fi
Ref, The 	1994	comedy
Remains of the Day, The 	1993	drama
Searching for Bobby Fischer 	1993	drama
Sleepless in Seattle 	1993	comedy,romance
Blade Runner 	1982	film_noir,sci_fi
So I Married an Axe Murderer 	1993	comedy,romance,thriller
Nightmare Before Christmas, The 	1993	children,comedy,musical
True Romance 	1993	action,crime,romance
Welcome to the Dollhouse 	1996	comedy,drama
Home Alone 	1990	children,comedy
Aladdin 	1992	animation,children,comedy,musical
Terminator 2: Judgment Day 	1991	action,sci_fi,thriller
Dances with Wolves 	1990	adventure,drama,western
Silence of the Lambs, The 	1991	drama,thriller
Snow White and the Seven Dwarfs 	1937	animation,children,musical
Fargo 	1997	crime,drama,thriller
Heavy Metal 	1981	action,adventure,animation,horror,sci_fi
Aristocats, The 	1970	animation,children
All Dogs Go to Heaven 2 	1996	animation,children,musical
Theodore Rex 	1996	comedy
Sgt. Bilko 	1996	comedy
Diabolique 	1996	drama,thriller
Moll Flanders 	1996	drama
Kids in the Hall: Brain Candy 	1996	comedy
Mystery Science Theater 3000: The Movie 	1996	comedy,sci_fi
Operation Dumbo Drop 	1995	action,adventure,comedy,war
Truth About Cats & Dogs, The 	1996	comedy,romance
Flipper 	1996	adventure,children
Horseman on the Roof, The 	1996	drama
Wallace & Gromit: The Best of Aardman Animation 	1996	animation
Haunted World of Edward D. Wood Jr., The 	1996	documentary
Cold Comfort Farm 	1996	comedy
Rock, The 	1996	action,adventure,thriller
Twister 	1996	action,adventure,thriller
Maya Lin: A Strong Clear Vision 	1994	documentary
Striptease 	1996	comedy,crime
Independence Day 	1996	action,sci_fi,war
Cable Guy, The 	1996	comedy
Frighteners, The 	1996	comedy,horror
Lone Star 	1996	drama,mystery
Phenomenon 	1996	drama,romance
Spitfire Grill, The 	1996	drama
Godfather, The 	1972	action,crime,drama
Supercop 	1996	action,thriller
Bound 	1996	crime,drama,romance,thriller
Kansas City 	1996	crime
Breakfast at Tiffany's 	1961	drama,romance
Wizard of Oz, The 	1939	adventure,children,drama,musical
Gone with the Wind 	1939	drama,romance,war
Citizen Kane 	1941	drama
2001: A Space Odyssey 	1968	drama,mystery,sci_fi,thriller
Mr. Smith Goes to Washington 	1939	drama
Big Night 	1996	drama
D3: The Mighty Ducks 	1996	children,comedy
Love Bug, The 	1969	children,comedy
Homeward Bound: The Incredible Journey 	1993	adventure,children
20,000 Leagues Under the Sea 	1954	adventure,children,fantasy,sci_fi
Bedknobs and Broomsticks 	1971	adventure,children,musical
Sound of Music, The 	1965	musical
Die Hard 	1988	action,thriller
Lawnmower Man, The 	1992	action,sci_fi,thriller
Unhook the Stars 	1996	drama
Long Kiss Goodnight, The 	1996	action,thriller
Ghost and the Darkness, The 	1996	action,adventure
Jude 	1996	drama
Swingers 	1996	comedy,drama
Willy Wonka and the Chocolate Factory 	1971	adventure,children,comedy
Sleeper 	1973	comedy,sci_fi
Fish Called Wanda, A 	1988	comedy
Monty Python's Life of Brian 	1979	comedy
Dirty Dancing 	1987	musical,romance
Reservoir Dogs 	1992	crime,thriller
Platoon 	1986	drama,war
Weekend at Bernie's 	1989	comedy
Basic Instinct 	1992	mystery,thriller
Glengarry Glen Ross 	1992	drama
Top Gun 	1986	action,romance
On Golden Pond 	1981	drama
Return of the Pink Panther, The 	1974	comedy
Abyss, The 	1989	action,adventure,sci_fi,thriller
Jean de Florette 	1986	drama
Manon of the Spring 	1986	drama
Private Benjamin 	1980	comedy
Monty Python and the Holy Grail 	1974	comedy
Wrong Trousers, The 	1993	animation,comedy
Cinema Paradiso 	1988	comedy,drama,romance
Delicatessen 	1991	comedy,sci_fi
Empire Strikes Back, The 	1980	action,adventure,drama,romance,sci_fi,war
Princess Bride, The 	1987	action,adventure,comedy,romance
Raiders of the Lost Ark 	1981	action,adventure
Brazil 	1985	sci_fi
Aliens 	1986	action,sci_fi,thriller,war
Good, The Bad and The Ugly, The 	1966	action,western
12 Angry Men 	1957	drama
Clockwork Orange, A 	1971	sci_fi
Apocalypse Now 	1979	drama,war
Return of the Jedi 	1997	action,adventure,romance,sci_fi,war
GoodFellas 	1990	crime,drama
Alien 	1979	action,horror,sci_fi,thriller
Army of Darkness 	1993	action,adventure,comedy,horror,sci_fi
Psycho 	1960	horror,romance,thriller
Blues Brothers, The 	1980	action,comedy,musical
Godfather: Part II, The 	1974	action,crime,drama
Full Metal Jacket 	1987	action,drama,war
Grand Day Out, A 	1992	animation,comedy
Henry V 	1989	drama,war
Amadeus 	1984	drama,mystery
Raging Bull 	1980	drama
Right Stuff, The 	1983	drama
Sting, The 	1973	comedy,crime
Terminator, The 	1984	action,sci_fi,thriller
Dead Poets Society 	1989	drama
Graduate, The 	1967	drama,romance
Nikita 	1990	thriller
Bridge on the River Kwai, The 	1957	drama,war
Shining, The 	1980	horror
Evil Dead II 	1987	action,adventure,comedy,horror
Groundhog Day 	1993	comedy,romance
Unforgiven 	1992	western
Back to the Future 	1985	comedy,sci_fi
Patton 	1970	drama,war
Akira 	1988	adventure,animation,sci_fi,thriller
Cyrano de Bergerac 	1990	action,drama,romance
Young Frankenstein 	1974	comedy,horror
This Is Spinal Tap 	1984	comedy,drama,musical
Indiana Jones and the Last Crusade 	1989	action,adventure
M*A*S*H 	1970	comedy,war
Unbearable Lightness of Being, The 	1988	drama
Room with a View, A 	1986	drama,romance
Pink Floyd - The Wall 	1982	drama,musical,war
Field of Dreams 	1989	drama
When Harry Met Sally... 	1989	comedy,romance
Bram Stoker's Dracula 	1992	horror,romance
Cape Fear 	1991	thriller
Nightmare on Elm Street, A 	1984	horror
Mirror Has Two Faces, The 	1996	comedy,romance
Breaking the Waves 	1996	drama
Star Trek: First Contact 	1996	action,adventure,sci_fi
Sling Blade 	1996	drama,thriller
Ridicule 	1996	drama
101 Dalmatians 	1996	children,comedy
Die Hard 2 	1990	action,thriller
Star Trek VI: The Undiscovered Country 	1991	action,adventure,sci_fi
Star Trek: The Wrath of Khan 	1982	action,adventure,sci_fi
Star Trek III: The Search for Spock 	1984	action,adventure,sci_fi
Star Trek IV: The Voyage Home 	1986	action,adventure,sci_fi
Batman Returns 	1992	action,adventure,comedy,crime
Young Guns 	1988	action,comedy,western
Under Siege 	1992	action
Jaws 	1975	action,horror
Mars Attacks! 	1996	action,comedy,sci_fi,war
Citizen Ruth 	1996	comedy,drama
Jerry Maguire 	1996	drama,romance
Raising Arizona 	1987	comedy
Sneakers 	1992	crime,drama,sci_fi
Beavis and Butt-head Do America 	1996	animation,comedy
Last of the Mohicans, The 	1992	action,romance,war
Kolya 	1997	comedy
Jungle2Jungle 	1997	children,comedy
Smilla's Sense of Snow 	1997	action,drama,thriller
Devil's Own, The 	1997	action,drama,thriller,war
Chasing Amy 	1997	drama,romance
Turbo: A Power Rangers Movie 	1997	action,adventure,children
Grosse Pointe Blank 	1997	comedy,crime
Austin Powers: International Man of Mystery 	1997	comedy
Fifth Element, The 	1997	action,sci_fi
Shall We Dance? 	1997	comedy
Lost World: Jurassic Park, The 	1997	action,adventure,sci_fi,thriller
Pillow Book, The 	1997	drama,romance
Batman & Robin 	1997	action,adventure,crime
My Best Friend's Wedding 	1997	comedy,romance
When the Cats Away 	1997	comedy,romance
Men in Black 	1997	action,adventure,comedy,sci_fi
Contact 	1997	drama,sci_fi
George of the Jungle 	1997	children,comedy
Event Horizon 	1997	action,mystery,sci_fi,thriller
Air Bud 	1997	children,comedy
In the Company of Men 	1997	drama
Steel 	1997	action
Mimic 	1997	sci_fi,thriller
Hunt for Red October, The 	1990	action,thriller
Kull the Conqueror 	1997	action,adventure
Chasing Amy 	1997	drama,romance
Full Monty, The 	1997	comedy
Gattaca 	1997	drama,sci_fi,thriller
Starship Troopers 	1997	action,adventure,sci_fi,war
Good Will Hunting 	1997	drama
Heat 	1995	action,crime,thriller
Sabrina 	1995	comedy,romance
Sense and Sensibility 	1995	drama,romance
Leaving Las Vegas 	1995	drama,romance
Restoration 	1995	drama
Bed of Roses 	1996	drama,romance
Once Upon a Time... When We Were Colored 	1995	drama
Up Close and Personal 	1996	drama,romance
River Wild, The 	1994	action,thriller
Time to Kill, A 	1996	drama
Emma 	1996	drama,romance
Tin Cup 	1996	comedy,romance
Secrets & Lies 	1996	drama
English Patient, The 	1996	drama,romance,war
Marvin's Room 	1996	drama
Scream 	1996	horror,thriller
Evita 	1996	drama,musical
Fierce Creatures 	1997	comedy
Absolute Power 	1997	mystery,thriller
Rosewood 	1997	drama
Donnie Brasco 	1997	crime,drama
Liar Liar 	1997	comedy
Breakdown 	1997	action,thriller
Promesse, La 	1997	drama
Ulee's Gold 	1997	drama
Face/Off 	1997	action,sci_fi,thriller
Hoodlum 	1997	crime,drama,film_noir
Air Force One 	1997	action,thriller
In & Out 	1997	comedy
L.A. Confidential 	1997	crime,film_noir,mystery,thriller
Ulee's Gold 	1997	drama
Fly Away Home 	1996	adventure,children
Ice Storm, The 	1997	drama
Mrs. Brown 	1997	drama,romance
Devil's Advocate, The 	1997	crime,horror,mystery,thriller
FairyTale: A True Story 	1997	children,drama,fantasy
Deceiver 	1997	crime
Rainmaker, The 	1997	drama
Wings of the Dove, The 	1997	drama,romance,thriller
Midnight in the Garden of Good and Evil 	1997	comedy,crime,drama,mystery
Titanic 	1997	action,drama,romance
3 Ninjas: High Noon At Mega Mountain 	1997	action,children
Apt Pupil 	1998	drama,thriller
As Good As It Gets 	1997	comedy,drama
In the Name of the Father 	1993	drama
Schindler's List 	1993	drama,war
Everyone Says I Love You 	1996	comedy,musical,romance
Paradise Lost: The Child Murders at Robin Hood Hills 	1996	documentary
Mother 	1996	comedy
Murder at 1600 	1997	mystery,thriller
Dante's Peak 	1997	action,thriller
Lost Highway 	1997	mystery
Crash 	1997	drama,thriller
G.I. Jane 	1997	action,drama,war
Cop Land 	1997	crime,drama,mystery
Conspiracy Theory 	1997	action,mystery,romance,thriller
Desperate Measures 	1998	crime,drama,thriller
187 	1997	drama
Edge, The 	1997	adventure,thriller
Kiss the Girls 	1997	crime,drama,thriller
Game, The 	1997	mystery,thriller
U Turn 	1997	action,crime,mystery
How to Be a Player 	1997	comedy
Playing God 	1997	crime,thriller
House of Yes, The 	1997	comedy,drama,thriller
Bean 	1997	comedy
Mad City 	1997	action,drama
Boogie Nights 	1997	drama
Critical Care 	1997	comedy
Man Who Knew Too Little, The 	1997	comedy,mystery
Alien: Resurrection 	1997	action,horror,sci_fi
Apostle, The 	1997	drama
Deconstructing Harry 	1997	comedy,drama
Jackie Brown 	1997	crime,drama
Wag the Dog 	1998	comedy,drama
Desperate Measures 	1998	crime,drama,thriller
Hard Rain 	1998	action,thriller
Fallen 	1998	action,mystery,thriller
Prophecy II, The 	1998	horror
Spice World 	1997	comedy,musical
Deep Rising 	1998	action,horror,sci_fi
Wedding Singer, The 	1998	comedy,romance
Sphere 	1998	adventure,sci_fi,thriller
Client, The 	1994	drama,mystery,thriller
One Flew Over the Cuckoo's Nest 	1975	drama
Spawn 	1997	action,adventure,sci_fi,thriller
Assignment, The 	1997	thriller
Wonderland 	1997	documentary
Incognito 	1997	crime,thriller
Blues Brothers 2000 	1998	action,comedy,musical
Sudden Death 	1995	action
Ace Ventura: When Nature Calls 	1995	comedy
Powder 	1995	drama
Dangerous Minds 	1995	drama
Clueless 	1995	comedy
Bio-Dome 	1996	comedy
Black Sheep 	1996	comedy
Mary Reilly 	1996	drama,thriller
Bridges of Madison County, The 	1996	drama,romance
Jeffrey 	1995	comedy
Judge Dredd 	1995	action,adventure,sci_fi
Mighty Morphin Power Rangers: The Movie 	1995	action,children
Showgirls 	1995	drama
Houseguest 	1994	comedy
Heavyweights 	1994	children,comedy
Miracle on 34th Street 	1994	drama
Tales From the Crypt Presents: Demon Knight 	1995	horror
Star Trek: Generations 	1994	action,adventure,sci_fi
Muriel's Wedding 	1994	comedy,romance
Adventures of Priscilla, Queen of the Desert, The 	1994	comedy,drama
Flintstones, The 	1994	children,comedy
Naked Gun 33 1/3: The Final Insult 	1994	comedy
True Lies 	1994	action,adventure,comedy,romance
Addams Family Values 	1993	comedy
Age of Innocence, The 	1993	drama
Beverly Hills Cop III 	1994	action,comedy
Black Beauty 	1994	adventure,children
Fear of a Black Hat 	1993	comedy
Last Action Hero 	1993	action,comedy
Man Without a Face, The 	1993	drama
Mrs. Doubtfire 	1993	comedy
Radioland Murders 	1994	comedy,mystery,romance
Robin Hood: Men in Tights 	1993	comedy
Serial Mom 	1994	comedy,crime,horror
Striking Distance 	1993	action
Super Mario Bros. 	1993	action,adventure,children,sci_fi
Three Musketeers, The 	1993	action,adventure,comedy
Little Rascals, The 	1994	children,comedy
Brady Bunch Movie, The 	1995	comedy
Ghost 	1990	comedy,romance,thriller
Batman 	1989	action,adventure,crime,drama
Pinocchio 	1940	animation,children
Mission: Impossible 	1996	action,adventure,mystery
Thinner 	1996	horror,thriller
Spy Hard 	1996	comedy
Close Shave, A 	1996	animation,comedy,thriller
Jack 	1996	comedy,drama
Kingpin 	1996	comedy
Nutty Professor, The 	1996	comedy,fantasy,romance,sci_fi
Very Brady Sequel, A 	1996	comedy
Tales from the Crypt Presents: Bordello of Blood 	1996	horror
My Favorite Year 	1982	comedy
Apple Dumpling Gang, The 	1975	children,comedy,western
Old Yeller 	1957	children,drama
Parent Trap, The 	1961	children,drama
Cinderella 	1950	animation,children,musical
Mary Poppins 	1964	children,comedy,musical
Alice in Wonderland 	1951	animation,children,musical
William Shakespeare's Romeo and Juliet 	1996	drama,romance
Aladdin and the King of Thieves 	1996	animation,children,comedy
E.T. the Extra-Terrestrial 	1982	children,drama,fantasy,sci_fi
Children of the Corn: The Gathering 	1996	horror
Bob Roberts 	1992	comedy
Transformers: The Movie, The 	1986	action,animation,children,sci_fi,thriller,war
To Kill a Mockingbird 	1962	drama
Harold and Maude 	1971	comedy
Day the Earth Stood Still, The 	1951	drama,sci_fi
Duck Soup 	1933	comedy,war
Highlander 	1986	action,adventure
Fantasia 	1940	animation,children,musical
Heathers 	1989	comedy
Forbidden Planet 	1956	sci_fi
Butch Cassidy and the Sundance Kid 	1969	action,comedy,western
American Werewolf in London, An 	1981	horror
Amityville 1992: It's About Time 	1992	horror
Amityville 3-D 	1983	horror
Amityville: A New Generation 	1993	horror
Amityville II: The Possession 	1982	horror
Amityville Horror, The 	1979	horror
Amityville Curse, The 	1990	horror
Birds, The 	1963	horror
Blob, The 	1958	horror,sci_fi
Body Snatcher, The 	1945	horror
Burnt Offerings 	1976	horror
Carrie 	1976	horror
Omen, The 	1976	horror
Star Trek: The Motion Picture 	1979	action,adventure,sci_fi
Star Trek V: The Final Frontier 	1989	action,adventure,sci_fi
Grease 	1978	comedy,musical,romance
Jaws 2 	1978	action,horror
Jaws 3-D 	1983	action,horror
Bastard Out of Carolina 	1996	drama
Jackie Chan's First Strike 	1997	action
Beverly Hills Ninja 	1997	action,comedy
Free Willy 3: The Rescue 	1997	adventure,children,drama
Nixon 	1995	drama
Cry, the Beloved Country 	1995	drama
Crossing Guard, The 	1995	drama
Smoke 	1995	drama
Like Water For Chocolate 	1992	drama,romance
Secret of Roan Inish, The 	1994	adventure
Vanya on 42nd Street 	1994	drama
Jungle Book, The 	1994	adventure,children,romance
Red Rock West 	1992	thriller
Bronx Tale, A 	1993	drama
Rudy 	1993	drama
Short Cuts 	1993	drama
Tombstone 	1993	western
Courage Under Fire 	1996	drama,war
Dragonheart 	1996	action,adventure,fantasy
James and the Giant Peach 	1996	animation,children,musical
Dr. Strangelove or: How I Learned to Stop Worrying and Love the Bomb 	1963	sci_fi,war
Trainspotting 	1996	drama
First Wives Club, The 	1996	comedy
Matilda 	1996	children,comedy
Philadelphia Story, The 	1940	comedy,romance
Vertigo 	1958	mystery,thriller
North by Northwest 	1959	comedy,thriller
Apartment, The 	1960	comedy,drama
Some Like It Hot 	1959	comedy,crime
Casablanca 	1942	drama,romance,war
Maltese Falcon, The 	1941	film_noir,mystery
My Fair Lady 	1964	musical,romance
Sabrina 	1954	comedy,romance
Roman Holiday 	1953	comedy,romance
Sunset Blvd. 	1950	film_noir
Notorious 	1946	film_noir,romance,thriller
To Catch a Thief 	1955	comedy,romance,thriller
Adventures of Robin Hood, The 	1938	action,adventure
East of Eden 	1955	drama
Thin Man, The 	1934	mystery
His Girl Friday 	1940	comedy
Around the World in 80 Days 	1956	adventure,comedy
It's a Wonderful Life 	1946	drama
Bringing Up Baby 	1938	comedy
African Queen, The 	1951	action,adventure,romance,war
Cat on a Hot Tin Roof 	1958	drama
Fly Away Home 	1996	adventure,children
Dumbo 	1941	animation,children,musical
Bananas 	1971	comedy,war
Candidate, The 	1972	drama
Bonnie and Clyde 	1967	crime,drama
Dial M for Murder 	1954	mystery,thriller
Rebel Without a Cause 	1955	drama
Streetcar Named Desire, A 	1951	drama
People vs. Larry Flynt, The 	1996	drama
My Left Foot 	1989	drama
Magnificent Seven, The 	1954	action,drama,western
Lawrence of Arabia 	1962	adventure,war
Wings of Desire 	1987	comedy,drama,romance
Third Man, The 	1949	mystery,thriller
Annie Hall 	1977	comedy,romance
Boot, Das 	1997	action,drama,war
Local Hero 	1983	comedy
Manhattan 	1979	comedy,drama,romance
Miller's Crossing 	1990	drama
Treasure of the Sierra Madre, The 	1948	adventure
Great Escape, The 	1963	adventure,war
Deer Hunter, The 	1978	drama,war
Down by Law 	1986	comedy,drama
Cool Hand Luke 	1967	comedy,drama
Great Dictator, The 	1940	comedy
Big Sleep, The 	1946	film_noir,mystery
Ben-Hur 	1959	action,adventure,drama
Gandhi 	1982	drama
Killing Fields, The 	1984	drama,war
My Life as a Dog 	1985	drama
Man Who Would Be King, The 	1975	adventure
Shine 	1996	drama,romance
Kama Sutra: A Tale of Love 	1997	romance
Daytrippers, The 	1997	mystery
Traveller 	1997	drama
Addicted to Love 	1997	comedy,romance
Ponette 	1997	drama
My Own Private Idaho 	1991	drama
Anastasia 	1997	animation,children,musical
Mouse Hunt 	1997	children,comedy
Money Train 	1995	action
Mortal Kombat 	1995	action,adventure
Pocahontas 	1995	animation,children,musical,romance
Mis?rables, Les 	1995	drama,musical
Things to Do in Denver when You're Dead 	1996	crime,drama,romance
Vampire in Brooklyn 	1995	comedy,romance
Broken Arrow 	1996	action,thriller
Young Poisoner's Handbook, The 	1996	crime
NeverEnding Story III, The 	1996	children,fantasy
Rob Roy 	1995	drama,romance,war
Die Hard: With a Vengeance 	1995	action,thriller
Lord of Illusions 	1995	horror
Species 	1995	sci_fi
Walk in the Clouds, A 	1995	drama,romance
Waterworld 	1995	action,adventure
White Man's Burden 	1995	drama
Wild Bill 	1995	western
Farinelli: il castrato 	1994	drama,musical
Heavenly Creatures 	1994	drama,fantasy,thriller
Interview with the Vampire 	1994	drama,horror
Kid in King Arthur's Court, A 	1995	adventure,children,comedy,fantasy,romance,sci_fi
Mary Shelley's Frankenstein 	1994	drama,horror
Quick and the Dead, The 	1995	action,adventure,western
Stephen King's The Langoliers 	1995	horror
Tales from the Hood 	1995	comedy,horror
Village of the Damned 	1995	horror,thriller
Clear and Present Danger 	1994	action,adventure,thriller
Wes Craven's New Nightmare 	1994	horror
Speed 	1994	action,romance,thriller
Wolf 	1994	drama,horror
Wyatt Earp 	1994	western
Another Stakeout 	1993	comedy,thriller
Blown Away 	1994	action,thriller
Body Snatchers 	1993	horror,sci_fi,thriller
Boxing Helena 	1993	mystery,romance,thriller
City Slickers II: The Legend of Curly's Gold 	1994	comedy,western
Cliffhanger 	1993	action,adventure,crime
Coneheads 	1993	comedy,sci_fi
Demolition Man 	1993	action,sci_fi
Fatal Instinct 	1993	comedy
Englishman Who Went Up a Hill, But Came Down a Mountain, The 	1995	comedy,romance
Kalifornia 	1993	drama,thriller
Piano, The 	1993	drama,romance
Romeo Is Bleeding 	1993	crime,thriller
Secret Garden, The 	1993	children,drama
Son in Law 	1993	comedy
Terminal Velocity 	1994	action
Hour of the Pig, The 	1993	drama,mystery
Beauty and the Beast 	1991	animation,children,musical
Wild Bunch, The 	1969	western
Hellraiser: Bloodline 	1996	action,horror,sci_fi
Primal Fear 	1996	drama,thriller
True Crime 	1995	mystery,thriller
Stalingrad 	1993	war
Heavy 	1996	drama,romance
Fan, The 	1996	thriller
Hunchback of Notre Dame, The 	1996	animation,children,musical
Eraser 	1996	action,thriller
Big Squeeze, The 	1996	comedy,drama
Police Story 4: Project S 	1996	action
Daniel Defoe's Robinson Crusoe 	1996	children
For Whom the Bell Tolls 	1943	adventure,war
American in Paris, An 	1951	musical,romance
Rear Window 	1954	mystery,thriller
It Happened One Night 	1934	comedy
Meet Me in St. Louis 	1944	musical
All About Eve 	1950	drama
Rebecca 	1940	romance,thriller
Spellbound 	1945	mystery,romance,thriller
Father of the Bride 	1950	comedy
Gigi 	1958	musical
Laura 	1944	crime,film_noir,mystery
Lost Horizon 	1937	drama
My Man Godfrey 	1936	comedy
Giant 	1956	drama
39 Steps, The 	1935	thriller
Night of the Living Dead 	1968	horror,sci_fi
Blue Angel, The 	1930	drama
Picnic 	1955	drama
Extreme Measures 	1996	drama,thriller
Chamber, The 	1996	drama
Davy Crockett, King of the Wild Frontier 	1955	western
Swiss Family Robinson 	1960	adventure,children
Angels in the Outfield 	1994	children,comedy
Three Caballeros, The 	1945	animation,children,musical
Sword in the Stone, The 	1963	animation,children
So Dear to My Heart 	1949	children,drama
Robin Hood: Prince of Thieves 	1991	drama
Sleepers 	1996	crime,drama
Victor/Victoria 	1982	comedy,musical
Great Race, The 	1965	comedy,musical
Crying Game, The 	1992	action,drama,romance,war
Sophie's Choice 	1982	drama
Christmas Carol, A 	1938	drama
Microcosmos: Le peuple de l'herbe 	1996	documentary
Fog, The 	1980	horror
Escape from New York 	1981	action,adventure,sci_fi,thriller
Howling, The 	1981	comedy,horror
Return of Martin Guerre, The 	1982	drama
Tin Drum, The 	1979	drama
Cook the Thief His Wife & Her Lover, The 	1989	drama
Paths of Glory 	1957	drama,war
Grifters, The 	1990	crime,drama,film_noir
The Innocent 	1994	drama,romance
Thin Blue Line, The 	1988	documentary
Paris Is Burning 	1990	documentary
Once Upon a Time in the West 	1969	western
Ran 	1985	drama,war
Quiet Man, The 	1952	comedy,romance
Once Upon a Time in America 	1984	crime,drama,thriller
Seventh Seal, The 	1957	drama
Glory 	1989	action,drama,war
Rosencrantz and Guildenstern Are Dead 	1990	comedy,drama
Touch of Evil 	1958	crime,film_noir,thriller
Chinatown 	1974	film_noir,mystery,thriller
Stand by Me 	1986	adventure,comedy,drama
M 	1931	crime,film_noir,thriller
Manchurian Candidate, The 	1962	film_noir,thriller
Pump Up the Volume 	1990	drama
Arsenic and Old Lace 	1944	comedy,mystery,thriller
Fried Green Tomatoes 	1991	drama
High Noon 	1952	western
Somewhere in Time 	1980	drama,romance
Being There 	1979	comedy
Paris, Texas 	1984	drama
Alien 3 	1992	action,horror,sci_fi,thriller
Blood For Dracula 	1974	horror
Audrey Rose 	1977	horror
Blood Beach 	1981	action,horror
Body Parts 	1991	horror
Body Snatchers 	1993	horror,sci_fi,thriller
Bride of Frankenstein 	1935	horror
Candyman 	1992	horror
Cape Fear 	1962	film_noir,thriller
Cat People 	1982	horror
Nosferatu 	1922	horror
Crucible, The 	1996	drama
Fire on the Mountain 	1997	documentary
Volcano 	1997	drama,thriller
Conan the Barbarian 	1981	action,adventure
Kull the Conqueror 	1997	action,adventure
Wishmaster 	1997	horror
I Know What You Did Last Summer 	1997	horror,mystery,thriller
Rocket Man 	1997	comedy
In the Line of Fire 	1993	action,thriller
Executive Decision 	1996	action,thriller
Perfect World, A 	1993	action,drama
McHale's Navy 	1997	comedy,war
Leave It to Beaver 	1997	comedy
Jackal, The 	1997	action,thriller
Seven Years in Tibet 	1997	drama,war
Dark City 	1998	film_noir,sci_fi,thriller
American President, The 	1995	comedy,drama,romance
Casino 	1995	drama
Persuasion 	1995	romance
Kicking and Screaming 	1995	comedy,drama
City Hall 	1996	drama,thriller
Basketball Diaries, The 	1995	drama
Browning Version, The 	1994	drama
Little Women 	1994	drama
Miami Rhapsody 	1995	comedy
Wonderful, Horrible Life of Leni Riefenstahl, The 	1993	documentary
Barcelona 	1994	comedy,romance
Widows' Peak 	1994	drama
House of the Spirits, The 	1993	drama,romance
Singin' in the Rain 	1952	musical,romance
Bad Moon 	1996	horror
Enchanted April 	1991	drama
Sex, Lies, and Videotape 	1989	drama
Strictly Ballroom 	1992	comedy,romance
Better Off Dead... 	1985	comedy
Substance of Fire, The 	1996	drama
Tin Men 	1987	comedy,drama
Othello 	1995	drama
Carrington 	1995	drama,romance
To Die For 	1995	comedy,drama
Home for the Holidays 	1995	drama,romance
Juror, The 	1996	drama,thriller
In the Bleak Midwinter 	1996	comedy
Canadian Bacon 	1994	comedy,war
First Knight 	1995	action,adventure,drama,romance
Mallrats 	1995	comedy
Nine Months 	1995	comedy
Boys on the Side 	1995	comedy,drama
Circle of Friends 	1995	drama,romance
Exit to Eden 	1994	comedy
Fluke 	1995	children,drama
Immortal Beloved 	1994	drama,romance
Junior 	1994	comedy,sci_fi
Nell 	1994	drama
Queen Margot 	1996	drama,romance
Corrina, Corrina 	1994	comedy,drama,romance
Dave 	1993	comedy,romance
Go Fish 	1994	drama,romance
Made in America 	1993	comedy
Philadelphia 	1993	drama
Shadowlands 	1993	drama,romance
Sirens 	1994	comedy,drama
Threesome 	1994	comedy,romance
Pretty Woman 	1990	comedy,romance
Jane Eyre 	1996	drama,romance
Last Supper, The 	1996	drama,thriller
Ransom 	1996	drama,thriller
Crow: City of Angels, The 	1996	action,thriller
Michael Collins 	1996	drama,war
Ruling Class, The 	1972	comedy
Real Genius 	1985	comedy
Benny & Joon 	1993	comedy,romance
Saint, The 	1997	action,romance,thriller
MatchMaker, The 	1997	comedy,romance
Amistad 	1997	drama
Tomorrow Never Dies 	1997	action,romance,thriller
Replacement Killers, The 	1998	action,thriller
Burnt By the Sun 	1994	drama
Red Corner 	1997	crime,thriller
Jumanji 	1995	action,adventure,children,fantasy,sci_fi
Father of the Bride Part II 	1995	comedy
Across the Sea of Time 	1995	documentary
Lawnmower Man 2: Beyond Cyberspace 	1996	sci_fi,thriller
Fair Game 	1995	action
Screamers 	1995	sci_fi
Nick of Time 	1995	action,thriller
Beautiful Girls 	1996	drama
Happy Gilmore 	1996	comedy
If Lucy Fell 	1996	comedy,romance
Boomerang 	1992	comedy,romance
Man of the Year 	1996	documentary
Addiction, The 	1995	horror
Casper 	1995	adventure,children
Congo 	1995	action,adventure,mystery,sci_fi
Devil in a Blue Dress 	1995	crime,film_noir,mystery,thriller
Johnny Mnemonic 	1995	action,sci_fi,thriller
Kids 	1995	drama
Mute Witness 	1994	thriller
Prophecy, The 	1995	horror
Something to Talk About 	1995	comedy,drama,romance
Three Wishes 	1995	drama
Castle Freak 	1995	horror
Don Juan DeMarco 	1995	comedy,drama,romance
Drop Zone 	1994	action
Dumb & Dumber 	1994	comedy
French Kiss 	1995	comedy,romance
Little Odessa 	1994	drama
Milk Money 	1994	comedy,romance
Beyond Bedlam 	1993	drama,horror
Only You 	1994	comedy,romance
Perez Family, The 	1995	comedy,romance
Roommates 	1995	comedy,drama
Relative Fear 	1994	horror,thriller
Swimming with Sharks 	1995	comedy,drama
Tommy Boy 	1995	comedy
Baby-Sitters Club, The 	1995	children
Bullets Over Broadway 	1994	comedy
Crooklyn 	1994	comedy
It Could Happen to You 	1994	drama,romance
Richie Rich 	1994	children,comedy
Speechless 	1994	comedy,romance
Timecop 	1994	action,sci_fi
Bad Company 	1995	action
Boys Life 	1995	drama
In the Mouth of Madness 	1995	horror,thriller
Air Up There, The 	1994	comedy
Hard Target 	1993	action,adventure,crime,thriller
Heaven & Earth 	1993	action,drama,war
Jimmy Hollywood 	1994	comedy
Manhattan Murder Mystery 	1993	comedy,mystery
Menace II Society 	1993	action,crime,drama
Poetic Justice 	1993	drama
Program, The 	1993	action,drama
Rising Sun 	1993	action,drama,mystery
Shadow, The 	1994	action
Thirty-Two Short Films About Glenn Gould 	1993	documentary
Andre 	1994	adventure,children
Celluloid Closet, The 	1996	documentary
Great Day in Harlem, A 	1994	documentary
One Fine Day 	1996	drama,romance
Candyman: Farewell to the Flesh 	1995	horror
Frisk 	1996	drama
Girl 6 	1996	comedy
Eddie 	1996	comedy
Space Jam 	1996	adventure,animation,children,comedy,fantasy
Mrs. Winterbourne 	1996	comedy,romance
Faces 	1968	drama
Mulholland Falls 	1996	crime,film_noir,thriller
Great White Hype, The 	1996	comedy
Arrival, The 	1996	action,sci_fi,thriller
Phantom, The 	1996	adventure
Daylight 	1996	action,adventure,thriller
Alaska 	1996	adventure,children
Fled 	1996	action,adventure
Power 98 	1996	action,mystery,thriller
Escape from L.A. 	1996	action,adventure,sci_fi,thriller
Bogus 	1996	children,drama,fantasy
Bulletproof 	1996	action
Halloween: The Curse of Michael Myers 	1995	horror,thriller
Gay Divorcee, The 	1934	comedy,musical,romance
Ninotchka 	1939	comedy,romance
Meet John Doe 	1941	drama
In the Line of Duty 2 	1996	action
Loch Ness 	1995	horror,thriller
Last Man Standing 	1996	action,drama,western
Glimmer Man, The 	1996	action,thriller
Pollyanna 	1960	children,comedy,drama
Shaggy Dog, The 	1959	children,comedy
Freeway 	1996	crime
That Thing You Do! 	1996	comedy
To Gillian on Her 37th Birthday 	1996	drama,romance
Looking for Richard 	1996	documentary,drama
Murder, My Sweet 	1944	film_noir,thriller
Days of Thunder 	1990	action,romance
Perfect Candidate, A 	1996	documentary
Two or Three Things I Know About Her 	1966	drama
Bloody Child, The 	1996	drama,thriller
Braindead 	1992	comedy,horror
Bad Taste 	1987	comedy,horror
Diva 	1981	action,drama,mystery,romance,thriller
Night on Earth 	1991	comedy,drama
Paris Was a Woman 	1996	documentary
Amityville: Dollhouse 	1996	horror
April Fool's Day 	1986	comedy,horror
Believers, The 	1987	horror,thriller
Nosferatu a Venezia 	1986	horror
Jingle All the Way 	1996	adventure,children,comedy
Garden of Finzi-Contini, The 	1996	drama
My Fellow Americans 	1996	comedy
Ice Storm, The 	1997	drama
Michael 	1996	comedy,romance
Whole Wide World, The 	1996	drama
Hearts and Minds 	1997	drama
Fools Rush In 	1997	comedy,romance
Touch 	1997	romance
Vegas Vacation 	1997	comedy
Love Jones 	1997	romance
Picture Perfect 	1997	comedy,romance
Career Girls 	1997	drama
She's So Lovely 	1997	drama,romance
Money Talks 	1997	action,comedy
Excess Baggage 	1997	adventure,romance
That Darn Cat! 	1997	children,comedy,mystery
Peacemaker, The 	1997	action,thriller,war
Soul Food 	1997	drama
Money Talks 	1997	action,comedy
Washington Square 	1997	drama
Telling Lies in America 	1997	drama
Year of the Horse 	1997	documentary
Phantoms 	1998	horror
Life Less Ordinary, A 	1997	romance,thriller
Eve's Bayou 	1997	drama
One Night Stand 	1997	drama
Tango Lesson, The 	1997	romance
Mortal Kombat: Annihilation 	1997	action,adventure
Bent 	1997	drama,war
Flubber 	1997	children,comedy,fantasy
For Richer or Poorer 	1997	comedy
Home Alone 3 	1997	children,comedy
Scream 2 	1997	horror,thriller
Sweet Hereafter, The 	1997	drama
Time Tracers 	1995	action,adventure,sci_fi
Postman, The 	1997	drama
Winter Guest, The 	1997	drama
Kundun 	1997	drama
Mr. Magoo 	1997	comedy
Big Lebowski, The 	1997	comedy,crime,mystery,thriller
Afterglow 	1997	drama,romance
Ma vie en rose 	1997	comedy,drama
Great Expectations 	1998	drama,romance
Oscar & Lucinda 	1997	drama,romance
Vermin 	1997	comedy
Half Baked 	1998	comedy
Dangerous Beauty 	1998	drama
Nil By Mouth 	1998	drama
Twilight 	1998	crime,drama
U.S. Marshalls 	1998	action,thriller
Love and Death on Long Island 	1998	comedy
Wild Things 	1998	crime,drama,mystery,thriller
Primary Colors 	1998	drama
Lost in Space 	1998	action,sci_fi,thriller
Mercury Rising 	1998	action,drama,thriller
City of Angels 	1998	romance
City of Lost Children, The 	1995	adventure,sci_fi
Two Bits 	1995	drama
Farewell My Concubine 	1993	drama,romance
Dead Man 	1996	western
Raise the Red Lantern 	1991	drama
White Squall 	1996	adventure,drama
Unforgettable 	1996	sci_fi,thriller
Down Periscope 	1996	comedy
Flower of My Secret, The 	1996	drama
Craft, The 	1996	drama,horror
Harriet the Spy 	1996	children,comedy
Chain Reaction 	1996	action,adventure,thriller
Island of Dr. Moreau, The 	1996	sci_fi,thriller
First Kid 	1996	children,comedy
Funeral, The 	1996	drama
Preacher's Wife, The 	1996	drama
Paradise Road 	1997	drama,war
Brassed Off 	1997	comedy,drama,romance
Thousand Acres, A 	1997	drama
Smile Like Yours, A 	1997	comedy,romance
Murder in the First 	1995	drama,thriller
Airheads 	1994	comedy
With Honors 	1994	comedy,drama
What's Love Got to Do with It 	1993	drama
Killing Zoe 	1994	thriller
Renaissance Man 	1994	comedy,drama,war
Charade 	1963	comedy,mystery,romance,thriller
Fox and the Hound, The 	1981	animation,children
Big Blue, The 	1988	adventure,romance
Booty Call 	1997	comedy,romance
How to Make an American Quilt 	1995	drama,romance
Georgia 	1995	drama
Indian in the Cupboard, The 	1995	adventure,children,fantasy
Blue in the Face 	1995	comedy
Unstrung Heroes 	1995	comedy,drama
Unzipped 	1995	documentary
Before Sunrise 	1995	drama,romance
Nobody's Fool 	1994	drama
Pushing Hands 	1992	comedy
To Live 	1994	drama
Dazed and Confused 	1993	comedy
Naked 	1993	drama
Orlando 	1993	drama
Ruby in Paradise 	1993	drama
Some Folks Call It a Sling Blade 	1993	drama,thriller
Month by the Lake, A 	1995	comedy,drama
Funny Face 	1957	comedy,musical
Affair to Remember, An 	1957	romance
Little Lord Fauntleroy 	1936	drama
Inspector General, The 	1949	musical
Winnie the Pooh and the Blustery Day 	1968	animation,children
Hear My Song 	1991	comedy
Mediterraneo 	1991	comedy,war
Passion Fish 	1992	drama
Grateful Dead 	1996	documentary
Eye for an Eye 	1996	drama,thriller
Fear 	1996	thriller
Solo 	1996	action,sci_fi,thriller
Substitute, The 	1996	action
Heaven's Prisoners 	1996	mystery,thriller
Trigger Effect, The 	1996	drama,thriller
Mother Night 	1996	drama
Dangerous Ground 	1996	drama
Maximum Risk 	1996	action,adventure,thriller
Rich Man's Wife, The 	1996	thriller
Shadow Conspiracy 	1997	thriller
Blood & Wine 	1996	drama
Turbulence 	1997	thriller
Underworld 	1997	thriller
Beautician and the Beast, The 	1997	comedy,romance
Cats Don't Dance 	1997	animation,children,musical
Anna Karenina 	1997	drama,romance
Keys to Tulsa 	1997	crime
Head Above Water 	1997	comedy,thriller
Hercules 	1997	adventure,animation,children,comedy,musical
Last Time I Committed Suicide, The 	1997	drama
Kiss Me, Guido 	1997	comedy
Big Green, The 	1995	children,comedy
Stuart Saves His Family 	1995	comedy
Cabin Boy 	1994	comedy
Clean Slate 	1994	comedy
Lightning Jack 	1994	comedy,western
Stupids, The 	1996	comedy
Pest, The 	1997	comedy
That Darn Cat! 	1997	children,comedy,mystery
Geronimo: An American Legend 	1993	drama,western
Double vie de V?ronique, La 	1991	drama
Until the End of the World 	1991	drama,sci_fi
Waiting for Guffman 	1997	comedy
I Shot Andy Warhol 	1996	drama
Stealing Beauty 	1996	drama
Basquiat 	1996	drama
2 Days in the Valley 	1996	crime
Private Parts 	1997	comedy,drama
Anaconda 	1997	action,adventure,thriller
Romy and Michele's High School Reunion 	1997	comedy
Shiloh 	1997	children,drama
Con Air 	1997	action,adventure,thriller
Trees Lounge 	1996	drama
Tie Me Up! Tie Me Down! 	1990	drama
Die xue shuang xiong 	1989	action,thriller
Gaslight 	1944	mystery,thriller
8 1/2 	1963	drama
Fast, Cheap & Out of Control 	1997	documentary
Fathers' Day 	1997	comedy
Mrs. Dalloway 	1997	romance
Fire Down Below 	1997	action,drama,thriller
Lay of the Land, The 	1997	comedy,drama
Shooter, The 	1995	action
Grumpier Old Men 	1995	comedy,romance
Jury Duty 	1995	comedy
Beverly Hillbillies, The 	1993	comedy
Lassie 	1994	adventure,children
Little Big League 	1994	children,comedy
Homeward Bound II: Lost in San Francisco 	1996	adventure,children
Quest, The 	1996	action,adventure
Cool Runnings 	1993	comedy
Drop Dead Fred 	1991	comedy,fantasy
Grease 2 	1982	comedy,musical,romance
Switchback 	1997	thriller
Hamlet 	1997	drama
Two if by Sea 	1996	comedy,romance
Forget Paris 	1995	comedy,romance
Just Cause 	1995	mystery,thriller
Rent-a-Kid 	1995	comedy
Paper, The 	1994	comedy,drama
Fearless 	1993	drama
Malice 	1993	thriller
Multiplicity 	1996	comedy
She's the One 	1996	comedy,romance
House Arrest 	1996	comedy
Ghost and Mrs. Muir, The 	1947	drama,romance
Associate, The 	1996	comedy
Dracula: Dead and Loving It 	1995	comedy,horror
Now and Then 	1995	drama
Mr. Wrong 	1996	comedy
Simple Twist of Fate, A 	1994	drama
Cronos 	1992	horror
Pallbearer, The 	1996	comedy
War, The 	1994	adventure,drama
Don't Be a Menace to South Central While Drinking Your Juice in the Hood 	1996	comedy
Adventures of Pinocchio, The 	1996	adventure,children
Evening Star, The 	1996	comedy,drama
Four Days in September 	1998	drama
Little Princess, A 	1995	children,drama
Crossfire 	1947	crime,film_noir
Koyaanisqatsi 	1983	documentary,war
Balto 	1995	animation,children
Bottle Rocket 	1996	comedy
Star Maker, The 	1996	drama
Amateur 	1994	crime,drama,thriller
Living in Oblivion 	1995	comedy
Party Girl 	1995	comedy
Pyromaniac's Love Story, A 	1995	comedy,romance
Shallow Grave 	1994	thriller
Reality Bites 	1994	comedy,drama
Man of No Importance, A 	1994	drama
Pagemaster, The 	1994	action,adventure,animation,children,fantasy
Love and a .45 	1994	thriller
Oliver & Company 	1988	animation,children
Joe's Apartment 	1996	comedy,musical
Celestial Clockwork 	1996	comedy
Curdled 	1996	crime
Female Perversions 	1997	drama
Albino Alligator 	1997	crime,thriller
Anne Frank Remembered 	1996	documentary
Carried Away 	1996	drama,romance
It's My Party 	1996	drama
Bloodsport 2 	1996	action
Double Team 	1997	action
Speed 2: Cruise Control 	1997	action,romance,thriller
Sliver 	1993	thriller
Pete's Dragon 	1977	adventure,animation,children,musical
Dear God 	1996	comedy
Live Nude Girls 	1996	comedy
Thin Line Between Love and Hate, A 	1996	comedy
High School High 	1996	comedy
Commandments 	1997	romance
Hate 	1996	drama
Flirting With Disaster 	1996	comedy
Red Firecracker, Green Firecracker 	1994	drama
What Happened Was... 	1994	comedy,drama,romance
Six Degrees of Separation 	1993	drama,mystery
Two Much 	1996	comedy,romance
Trust 	1990	comedy,drama
C'est arriv? pr?s de chez vous 	1992	comedy,crime,drama
Firestorm 	1998	action,adventure,thriller
Newton Boys, The 	1998	crime,drama
Beyond Rangoon 	1995	drama
Feast of July 	1995	drama
Death and the Maiden 	1994	drama,thriller
Tank Girl 	1995	action,comedy,musical,sci_fi
Double Happiness 	1996	drama
Cobb 	1994	drama
Mrs. Parker and the Vicious Circle 	1994	drama
Faithful 	1996	comedy
Twelfth Night 	1996	comedy,drama,romance
Mark of Zorro, The 	1940	adventure
Surviving Picasso 	1996	drama
Up in Smoke 	1978	comedy
Some Kind of Wonderful 	1987	drama,romance
I'm Not Rappaport 	1996	comedy
Umbrellas of Cherbourg, The 	1996	drama,musical
They Made Me a Criminal 	1939	crime,drama
Last Time I Saw Paris, The 	1954	drama
Farewell to Arms, A 	1932	romance,war
Innocents, The 	1961	thriller
Old Man and the Sea, The 	1958	adventure,drama
Truman Show, The 	1998	drama
Heidi Fleiss: Hollywood Madam 	1996	documentary
Chungking Express 	1996	drama,mystery,romance
Jupiter's Wife 	1996	documentary
Safe 	1995	thriller
Feeling Minnesota 	1996	drama,romance
Escape to Witch Mountain 	1975	adventure,children,fantasy
Get on the Bus 	1996	drama
Doors, The 	1991	drama,musical
Ghosts of Mississippi 	1996	drama
Beautiful Thing 	1996	drama,romance
Best Men 	1997	action,comedy,crime,drama
Hackers 	1995	action,crime,thriller
Road to Wellville, The 	1994	comedy
War Room, The 	1993	documentary
When We Were Kings 	1997	documentary
Hard Eight 	1997	crime,thriller
Quiet Room, The 	1997	drama
Blue Chips 	1994	drama
Calendar Girl 	1993	drama
My Family 	1995	drama
Tom & Viv 	1994	drama
Walkabout 	1971	drama
Last Dance 	1996	drama
Original Gangstas 	1996	crime
In Love and War 	1997	romance,war
Backbeat 	1993	drama,musical
Alphaville 	1965	sci_fi
Rendezvous in Paris 	1996	comedy,romance
Cyclo 	1996	crime,drama
Relic, The 	1997	horror
Fille seule, La 	1996	drama
Stalker 	1979	mystery,sci_fi
Love! Valour! Compassion! 	1997	drama,romance
Palookaville 	1996	action,drama
Phat Beach 	1996	comedy
Portrait of a Lady, The 	1996	drama
Zeus and Roxanne 	1997	children
Big Bully 	1996	comedy,drama
Love & Human Remains 	1993	comedy
Sum of Us, The 	1994	comedy
Little Buddha 	1993	drama
Fresh 	1994	drama
Spanking the Monkey 	1994	comedy,drama
Wild Reeds 	1994	drama
Women, The 	1939	comedy
Bliss 	1997	drama,romance
Caught 	1996	drama,thriller
Hugo Pool 	1997	romance
Welcome To Sarajevo 	1997	drama,war
Dunston Checks In 	1996	comedy
Major Payne 	1994	comedy
Man of the House 	1995	comedy
I Love Trouble 	1994	action,comedy
Low Down Dirty Shame, A 	1994	action,comedy
Cops and Robbersons 	1994	comedy
Cowboy Way, The 	1994	action,comedy
Endless Summer 2, The 	1994	documentary
In the Army Now 	1994	comedy,war
Inkwell, The 	1994	comedy,drama
Switchblade Sisters 	1975	crime
Young Guns II 	1990	action,comedy,western
Prefontaine 	1997	drama
That Old Feeling 	1997	comedy,romance
Letter From Death Row, A 	1998	crime,drama
Boys of St. Vincent, The 	1993	drama
Before the Rain 	1994	drama
Once Were Warriors 	1994	crime,drama
Strawberry and Chocolate 	1993	drama
Savage Nights 	1992	drama
Family Thing, A 	1996	comedy,drama
Purple Noon 	1960	crime,thriller
Cemetery Man 	1996	comedy,horror
Kim 	1950	children,drama
Marlene Dietrich: Shadow and Light 	1996	documentary
Maybe, Maybe Not 	1996	comedy
Top Hat 	1935	comedy,musical,romance
To Be or Not to Be 	1942	comedy,drama,war
Secret Agent, The 	1996	drama
Amos & Andrew 	1993	comedy
Jade 	1995	thriller
Kiss of Death 	1995	crime,drama,thriller
Mixed Nuts 	1994	comedy
Virtuosity 	1995	sci_fi,thriller
Blue Sky 	1994	drama,romance
Flesh and Bone 	1993	drama,mystery,romance
Guilty as Sin 	1993	crime,drama,thriller
In the Realm of the Senses 	1976	drama
Barb Wire 	1996	action,sci_fi
Kissed 	1997	romance
Assassins 	1995	thriller
Friday 	1995	comedy
Goofy Movie, A 	1995	animation,children,comedy,romance
Higher Learning 	1995	drama
When a Man Loves a Woman 	1994	drama
Judgment Night 	1993	action
King of the Hill 	1993	drama
Scout, The 	1994	drama
Angus 	1995	comedy
Night Falls on Manhattan 	1997	crime,drama
Awfully Big Adventure, An 	1995	drama
Under Siege 2: Dark Territory 	1995	action
Poison Ivy II 	1995	drama,thriller
Ready to Wear 	1994	comedy
Marked for Death 	1990	action,drama
Madonna: Truth or Dare 	1991	documentary
N?nette et Boni 	1996	drama
Chairman of the Board 	1998	comedy
Big Bang Theory, The 	1994	crime
Other Voices, Other Rooms 	1997	drama
Twisted 	1996	comedy,drama
Full Speed 	1996	drama
Cutthroat Island 	1995	action,adventure,romance
Ghost in the Shell 	1996	animation,sci_fi
Van, The 	1997	comedy,drama
Old Lady Who Walked in the Sea, The 	1991	comedy
Night Flier 	1998	horror
Metro 	1997	action
Gridlock'd 	1997	crime
Bushwhacked 	1995	comedy
Bad Girls 	1994	western
Blink 	1994	thriller
For Love or Money 	1993	comedy
Best of the Best 3: No Turning Back 	1995	action
A Chef in Love 	1997	comedy
Contempt 	1997	drama
Tie That Binds, The 	1995	thriller
Gone Fishin' 	1997	comedy
Broken English 	1997	drama
Designated Mourner, The 	1997	drama
Designated Mourner, The 	1997	drama
Trial and Error 	1997	comedy,romance
Pie in the Sky 	1996	comedy,romance
Total Eclipse 	1995	drama
Run of the Country, The 	1995	drama
Walking and Talking 	1996	romance
Foxfire 	1996	drama
Nothing to Lose 	1996	drama
Star Maps 	1997	drama
Bread and Chocolate 	1973	drama
Clockers 	1995	drama
Bitter Moon 	1992	drama
Love in the Afternoon 	1957	comedy,romance
Life with Mikey 	1993	comedy
North 	1994	comedy
Talking About Sex 	1994	comedy,drama
Color of Night 	1994	drama,thriller
Robocop 3 	1993	sci_fi,thriller
Killer 	1994	thriller
Sunset Park 	1996	drama
Set It Off 	1996	action,crime
Selena 	1997	drama,musical
Wild America 	1997	adventure,children
Gang Related 	1997	crime
Manny & Lo 	1996	drama
Grass Harp, The 	1996	drama
Out to Sea 	1997	comedy
Before and After 	1996	drama,mystery
Princess Caraboo 	1994	drama
Shall We Dance? 	1937	comedy,musical,romance
Ed 	1996	comedy
Denise Calls Up 	1996	comedy
Jack and Sarah 	1996	romance
Country Life 	1994	drama,romance
Celtic Pride 	1996	comedy
Simple Wish, A 	1997	children,fantasy
Star Kid 	1998	adventure,children,fantasy,sci_fi
Ayn Rand: A Sense of Life 	1998	documentary
Kicked in the Head 	1997	comedy,drama
Indian Summer 	1996	comedy,drama
Love Affair 	1994	drama,romance
Band Wagon, The 	1953	comedy,musical
Penny Serenade 	1941	drama,romance
'Til There Was You 	1997	drama,romance
Stripes 	1981	comedy
Late Bloomers 	1997	comedy
Getaway, The 	1994	action
New York Cop 	1996	action,crime
National Lampoon's Senior Trip 	1995	comedy
Delta of Venus 	1994	drama
Carmen Miranda: Bananas Is My Business 	1994	documentary
Babyfever 	1994	comedy,drama
Very Natural Thing, A 	1974	drama
Walk in the Sun, A 	1945	drama
Waiting to Exhale 	1996	comedy,drama
Pompatus of Love, The 	1996	comedy,drama
Palmetto 	1998	film_noir,mystery,thriller
Surviving the Game 	1994	action,adventure,thriller
Inventing the Abbotts 	1997	drama,romance
Horse Whisperer, The 	1997	drama
Journey of August King, The 	1996	drama
Catwalk 	1996	documentary
Neon Bible, The 	1996	drama
Homage 	1996	drama
Open Season 	1996	comedy
Metisse 	1993	comedy
Wooden Man's Bride, The 	1994	drama
Loaded 	1996	drama,thriller
August 	1996	drama
Boys 	1996	drama
Captives 	1994	drama
Of Love and Shadows 	1996	drama
Low Life, The 	1996	drama
An Unforgettable Summer 	1994	drama
Last Klezmer: Leopold Kozlowski, His Life and Music, The 	1995	documentary
My Life and Times With Antonin Artaud 	1993	drama
Midnight Dancers 	1994	comedy,drama
Somebody to Love 	1996	drama
American Buffalo 	1996	drama
Kazaam 	1996	children,comedy,fantasy
Larger Than Life 	1996	comedy
Two Deaths 	1996	drama
Stefano Quantestorie 	1993	comedy,drama
Crude Oasis, The 	1995	romance
Hedd Wyn 	1992	drama
Convent, The 	1996	drama
Lotto Land 	1995	drama
Story of Xinghua, The 	1993	drama
Day the Sun Turned Cold, The 	1994	drama
Dingo 	1992	drama
Ballad of Narayama, The 	1958	drama
Every Other Weekend 	1990	drama
Mille bolle blu 	1993	comedy
Crows and Sparrows 	1949	drama
Lover's Knot 	1996	comedy
Shadow of Angels 	1976	drama
1-900 	1994	romance
Venice/Venice 	1992	drama
Infinity 	1996	drama
Ed's Next Move 	1996	comedy
For the Moment 	1994	romance,war
The Deadly Cure 	1996	action
Boys in Venice 	1996	drama
Sexual Life of the Belgians, The 	1994	comedy
Search for One-eye Jimmy, The 	1996	comedy
American Strays 	1996	action
Leopard Son, The 	1996	documentary
Bird of Prey 	1996	action
Johnny 100 Pesos 	1993	action,drama
JLG/JLG - autoportrait de d?cembre 	1994	documentary,drama
Faust 	1994	animation
Mina Tannenbaum 	1994	drama
Forbidden Christ, The 	1950	drama
I Can't Sleep 	1994	drama,thriller
Machine, The 	1994	comedy,horror
Stranger, The 	1994	action
Good Morning 	1971	unknown
Falling in Love Again 	1980	comedy
Cement Garden, The 	1993	drama
Meet Wally Sparks 	1997	comedy
Hotel de Love 	1997	comedy,romance
Rhyme & Reason 	1997	documentary
Love and Other Catastrophes 	1997	romance
Hollow Reed 	1997	drama
Losing Chase 	1996	drama
Bonheur, Le 	1997	drama
Second Jungle Book: Mowgli & Baloo, The 	1997	adventure,children
Squeeze 	1997	drama
Roseanna's Grave 	1997	comedy,romance
Tetsuo II: Body Hammer 	1997	sci_fi
Fall 	1997	romance
Gabbeh 	1997	drama
Mondo 	1997	drama
Innocent Sleep, The 	1997	crime
For Ever Mozart 	1997	drama
Locusts, The 	1997	drama
Stag 	1997	action,thriller
Swept from the Sea 	1997	romance
Hurricane Streets 	1998	drama
Stonewall 	1996	drama
Of Human Bondage 	1934	drama
Anna 	1996	drama
Stranger in the House 	1997	thriller
Picture Bride 	1995	drama,romance
M. Butterfly 	1993	drama
Ciao, Professore! 	1993	drama
Caro Diario 	1994	comedy,drama
Withnail and I 	1987	comedy
Boy's Life 2 	1997	drama
When Night Is Falling 	1995	drama,romance
Specialist, The 	1994	action
Gordy 	1995	comedy
Swan Princess, The 	1994	animation,children
Harlem 	1993	drama
Barbarella 	1968	adventure,sci_fi
Land Before Time III: The Time of the Great Giving 	1995	animation,children
Street Fighter 	1994	action
Coldblooded 	1995	action
Next Karate Kid, The 	1994	action,children
No Escape 	1994	action,sci_fi
Turning, The 	1997	drama
Joy Luck Club, The 	1993	drama
Highlander III: The Sorcerer 	1994	action,sci_fi
Gilligan's Island: The Movie 	1997	comedy
My Crazy Life 	1993	drama
Suture 	1993	film_noir,thriller
Walking Dead, The 	1995	drama,war
I Like It Like That 	1994	comedy,drama,romance
I'll Do Anything 	1994	comedy,drama
Grace of My Heart 	1996	comedy,drama
Drunks 	1996	drama
SubUrbia 	1997	comedy
Sliding Doors 	1998	drama,romance
Ill Gotten Gains 	1997	drama
Legal Deceit 	1997	thriller
Mighty, The 	1998	drama
Men of Means 	1997	action,drama
Shooting Fish 	1998	romance
Steal Big, Steal Little 	1995	comedy
Mr. Jones 	1993	drama,romance
House Party 3 	1994	comedy
Panther 	1995	drama
Jason's Lyric 	1994	crime,drama
Above the Rim 	1994	drama
Moonlight and Valentino 	1995	drama,romance
Scarlet Letter, The 	1995	drama
8 Seconds 	1994	drama
That Darn Cat! 	1965	children,comedy,mystery
Ladybird Ladybird 	1994	drama
Bye Bye, Love 	1995	comedy
Century 	1993	drama
My Favorite Season 	1996	drama
Pather Panchali 	1996	drama
Golden Earrings 	1947	adventure,romance
Foreign Correspondent 	1940	thriller
Lady of Burlesque 	1943	comedy,mystery
Angel on My Shoulder 	1946	crime,drama
Angel and the Badman 	1947	western
Outlaw, The 	1943	western
Beat the Devil 	1954	comedy,drama
Love Is All There Is 	1996	comedy,drama
Damsel in Distress, A 	1937	comedy,musical,romance
Madame Butterfly 	1996	musical
Sleepover 	1996	comedy,drama
Here Comes Cookie 	1935	comedy
Thieves 	1996	crime,drama,romance
Boys, Les 	1997	comedy
Stars Fell on Henrietta, The 	1995	drama
Last Summer in the Hamptons 	1995	comedy,drama
Margaret's Museum 	1995	drama
Saint of Fort Washington, The 	1993	drama
Cure, The 	1995	drama
Tom and Huck 	1995	adventure,children
Gumby: The Movie 	1995	animation,children
Hideaway 	1995	thriller
Visitors, The 	1996	comedy,sci_fi
Little Princess, The 	1939	children,drama
Nina Takes a Lover 	1994	comedy,romance
Bhaji on the Beach 	1993	comedy,drama
Raw Deal 	1948	film_noir
Nightwatch 	1997	horror,thriller
Dead Presidents 	1995	action,crime,drama
Reckless 	1995	comedy
Herbie Rides Again 	1974	adventure,children,comedy
S.F.W. 	1994	drama
Gate of Heavenly Peace, The 	1996	documentary
Man in the Iron Mask, The 	1998	action,drama,romance
Jerky Boys, The 	1994	action,comedy
Colonel Chabert, Le 	1994	drama,romance,war
Girl in the Cadillac 	1995	drama
Even Cowgirls Get the Blues 	1993	comedy,romance
Germinal 	1993	drama
Chasers 	1994	comedy
Fausto 	1993	comedy
Tough and Deadly 	1995	action,drama,thriller
Window to Paris 	1994	comedy
Modern Affair, A 	1996	romance
Mostro, Il 	1996	comedy
Flirt 	1996	drama
Carpool 	1996	comedy,crime
Line King: Al Hirschfeld, The 	1996	documentary
Farmer & Chase 	1997	comedy
Grosse Fatigue 	1994	comedy
Santa with Muscles 	1996	comedy
Prisoner of the Mountains 	1997	war
Naked in New York 	1994	comedy,romance
Gold Diggers: The Secret of Bear Mountain 	1995	adventure,children
Bewegte Mann, Der 	1996	comedy
Killer: A Journal of Murder 	1996	crime,drama
Nelly & Monsieur Arnaud 	1996	drama
Three Lives and Only One Death 	1996	comedy
Babysitter, The 	1995	drama,thriller
Getting Even with Dad 	1994	comedy
Mad Dog Time 	1996	crime
Children of the Revolution 	1997	comedy
World of Apu, The 	1996	drama
Sprung 	1997	comedy
Dream With the Fishes 	1997	drama
Wings of Courage 	1995	adventure,romance
Wedding Gift, The 	1994	drama
Race the Sun 	1996	drama
Losing Isaiah 	1995	drama
New Jersey Drive 	1995	crime,drama
Fear, The 	1995	horror
Mr. Wonderful 	1993	comedy,romance
Trial by Jury 	1994	thriller
Good Man in Africa, A 	1994	action,adventure
Kaspar Hauser 	1996	drama
Object of My Affection, The 	1998	comedy,romance
Witness 	1985	drama,romance,thriller
Senseless 	1998	comedy
Nowhere 	1997	drama
Underground 	1996	war
Jefferson in Paris 	1995	drama
Far From Home: The Adventures of Yellow Dog 	1995	adventure,children
Foreign Student 	1994	drama
I Don't Want to Talk About It 	1993	drama
Twin Town 	1997	comedy,crime
Enfer, L' 	1994	drama
Aiqing wansui 	1996	drama
Cosi 	1997	comedy
All Over Me 	1997	drama
Being Human 	1993	drama
Amazing Panda Adventure, The 	1995	adventure,children
Beans of Egypt, Maine, The 	1994	drama
Scarlet Letter, The 	1926	drama
Johns 	1996	drama
It Takes Two 	1995	comedy
Frankie Starlight 	1995	drama,romance
Shadows 	1988	drama
Show, The 	1995	documentary
The Courtyard 	1995	action,thriller
Dream Man 	1995	thriller
Destiny Turns on the Radio 	1995	comedy
Glass Shield, The 	1994	drama
Hunted, The 	1995	action
Underneath, The 	1995	mystery,thriller
Safe Passage 	1994	drama
Secret Adventures of Tom Thumb, The 	1993	adventure,children
Condition Red 	1995	action,drama,thriller
Yankee Zulu 	1996	comedy,drama
Aparajito 	1996	drama
Hostile Intentions 	1994	action,drama,thriller
Clean Slate 	1981	crime
Tigrero: A Film That Was Never Made 	1994	documentary,drama
Eye of Vichy, The 	1993	documentary
Promise, The 	1994	romance
To Cross the Rubicon 	1991	drama
Daens 	1992	drama
Man from Down Under, The 	1943	drama
Careful 	1992	comedy
Vermont Is For Lovers 	1992	comedy,romance
Vie est belle, La 	1987	comedy,drama
Quartier Mozart 	1992	comedy
Touki Bouki 	1973	drama
Wend Kuuni 	1982	drama
Spirits of the Dead 	1968	horror
Pharaoh's Army 	1995	war
I, Worst of All 	1990	drama
Hungarian Fairy Tale, A 	1987	fantasy
Death in the Garden 	1956	drama
Collectionneuse, La 	1967	drama
Baton Rouge 	1988	thriller
Liebelei 	1933	romance
Woman in Question, The 	1950	mystery
T-Men 	1947	film_noir
Invitation, The 	1986	drama
Symphonie pastorale, La 	1946	drama
American Dream 	1990	documentary
Lashou shentan 	1992	action,crime,drama
Terror in a Texas Town 	1958	western
Salut cousin! 	1997	comedy,drama
Schizopolis 	1997	comedy
To Have, or Not 	1997	drama
Duoluo tianshi 	1998	drama
Magic Hour, The 	1998	drama
Death in Brunswick 	1996	comedy
Everest 	1998	documentary
Shopping 	1996	action,thriller
Nemesis 2: Nebula 	1995	action,sci_fi,thriller
Romper Stomper 	1992	action,drama
City of Industry 	1997	crime,thriller
Someone Else's America 	1996	drama
Guantanamera 	1997	comedy
Office Killer 	1997	thriller
Price Above Rubies, A 	1998	drama
Angela 	1996	drama
He Walked by Night 	1948	crime,film_noir,thriller
Love Serenade 	1997	comedy
Deceiver 	1997	crime
Hurricane Streets 	1998	drama
Buddy 	1997	adventure,children,drama
B*A*P*S 	1997	comedy
Truth or Consequences, N.M. 	1997	action,crime,romance
Intimate Relations 	1997	comedy
Leading Man, The 	1998	romance
Tokyo Fist 	1998	action,drama
Reluctant Debutante, The 	1958	comedy,drama
Warriors of Virtue 	1997	action,adventure,children,fantasy
Desert Winds 	1995	drama
Hugo Pool 	1997	romance
King of New York 	1990	action,crime
All Things Fair 	1996	drama
Sixth Man, The 	1997	comedy
Butterfly Kiss 	1996	thriller
Paris, France 	1993	comedy
C?r?monie, La 	1996	drama
Hush 	1998	thriller
Nightwatch 	1997	horror,thriller
Nobody Loves Me 	1996	comedy,drama
Wife, The 	1996	comedy,drama
Lamerica 	1994	drama
Nico Icon 	1995	documentary
Silence of the Palace, The 	1996	drama
Slingshot, The 	1993	comedy,drama
Land and Freedom 	1996	war
? k?ldum klaka 	1996	comedy,drama
Etz Hadomim Tafus 	1996	drama
Two Friends 	1986	drama
Brothers in Trouble 	1996	drama
Girls Town 	1996	drama
Normal Life 	1996	crime,drama
Bitter Sugar 	1996	drama
Eighth Day, The 	1996	drama
Dadetown 	1996	documentary
Some Mother's Son 	1996	drama
Angel Baby 	1997	drama
Sudden Manhattan 	1997	comedy
Butcher Boy, The 	1998	drama
Men With Guns 	1998	action,drama
Hana-bi 	1998	comedy,crime,drama
Niagara, Niagara 	1998	drama
Big One, The 	1998	comedy,documentary
Butcher Boy, The 	1998	drama
Spanish Prisoner, The 	1998	drama,thriller
Temptress Moon 	1997	romance
Entertaining Angels: The Dorothy Day Story 	1996	drama
Chairman of the Board 	1998	comedy
Favor, The 	1994	comedy,romance
Little City 	1998	comedy,romance
Target 	1996	action,drama
Substance of Fire, The 	1996	drama
Getting Away With Murder 	1996	comedy
Small Faces 	1996	drama
New Age, The 	1994	drama
Rough Magic 	1997	drama,romance
Nothing Personal 	1997	drama,war
8 Heads in a Duffel Bag 	1997	comedy
Brother's Kiss, A 	1997	drama
Ripe 	1997	drama
Next Step, The 	1997	drama
Wedding Bell Blues 	1997	comedy
MURDER and murder 	1997	crime,drama,mystery
Tainted 	1998	comedy,thriller
Further Gesture, A 	1998	drama
Kika 	1993	drama
Mirage 	1995	action,thriller
Mamma Roma 	1962	drama
Sunchaser, The 	1996	drama
War at Home, The 	1996	drama
Sweet Nothing 	1996	drama
Mat' i syn 	1998	drama
B. Monkey 	1998	romance,thriller
Sliding Doors 	1998	drama,romance
You So Crazy 	1994	comedy
Scream of Stone 	1996	drama
